yearMonth,Purpose,Number_of_Visitors
2000-01-01,Convention/conference,6500
2000-01-01,Business,29620
2000-01-01,Visiting friends/relatives,66130
2000-01-01,Holiday,195370
2000-01-01,Employment,4720
2000-01-01,Education,22870
2000-01-01,Others,35590
2000-02-01,Convention/conference,8430
2000-02-01,Business,41700
2000-02-01,Visiting friends/relatives,74280
2000-02-01,Holiday,241430
2000-02-01,Employment,3530
2000-02-01,Education,33240
2000-02-01,Others,31990
2000-03-01,Convention/conference,10390
2000-03-01,Business,45380
2000-03-01,Visiting friends/relatives,76300
2000-03-01,Holiday,235190
2000-03-01,Employment,3750
2000-03-01,Education,9140
2000-03-01,Others,31700
2000-04-01,Convention/conference,11100
2000-04-01,Business,38330
2000-04-01,Visiting friends/relatives,87740
2000-04-01,Holiday,221680
2000-04-01,Employment,3900
2000-04-01,Education,9840
2000-04-01,Others,33030
2000-05-01,Convention/conference,11590
2000-05-01,Business,44660
2000-05-01,Visiting friends/relatives,57480
2000-05-01,Holiday,166130
2000-05-01,Employment,3490
2000-05-01,Education,9100
2000-05-01,Others,26910
2000-06-01,Convention/conference,9760
2000-06-01,Business,39780
2000-06-01,Visiting friends/relatives,69630
2000-06-01,Holiday,184170
2000-06-01,Employment,3240
2000-06-01,Education,11530
2000-06-01,Others,29830
2000-07-01,Convention/conference,12930
2000-07-01,Business,42970
2000-07-01,Visiting friends/relatives,76530
2000-07-01,Holiday,214190
2000-07-01,Employment,4530
2000-07-01,Education,34570
2000-07-01,Others,43300
2000-08-01,Convention/conference,8750
2000-08-01,Business,39910
2000-08-01,Visiting friends/relatives,70280
2000-08-01,Holiday,205540
2000-08-01,Employment,5170
2000-08-01,Education,8280
2000-08-01,Others,34930
2000-09-01,Convention/conference,12810
2000-09-01,Business,41510
2000-09-01,Visiting friends/relatives,61460
2000-09-01,Holiday,204850
2000-09-01,Employment,6420
2000-09-01,Education,11530
2000-09-01,Others,64380
2000-10-01,Convention/conference,17380
2000-10-01,Business,45800
2000-10-01,Visiting friends/relatives,83230
2000-10-01,Holiday,221080
2000-10-01,Employment,4190
2000-10-01,Education,14650
2000-10-01,Others,40180
2000-11-01,Convention/conference,17460
2000-11-01,Business,46620
2000-11-01,Visiting friends/relatives,92200
2000-11-01,Holiday,255250
2000-11-01,Employment,4120
2000-11-01,Education,7770
2000-11-01,Others,36500
2000-12-01,Convention/conference,8950
2000-12-01,Business,28220
2000-12-01,Visiting friends/relatives,162660
2000-12-01,Holiday,312220
2000-12-01,Employment,3320
2000-12-01,Education,7760
2000-12-01,Others,36810
2001-01-01,Convention/conference,6090
2001-01-01,Business,31650
2001-01-01,Visiting friends/relatives,81190
2001-01-01,Holiday,226670
2001-01-01,Employment,5540
2001-01-01,Education,26570
2001-01-01,Others,38900
2001-02-01,Convention/conference,9060
2001-02-01,Business,43240
2001-02-01,Visiting friends/relatives,80470
2001-02-01,Holiday,218260
2001-02-01,Employment,4600
2001-02-01,Education,39980
2001-02-01,Others,33590
2001-03-01,Convention/conference,13460
2001-03-01,Business,42100
2001-03-01,Visiting friends/relatives,90260
2001-03-01,Holiday,233250
2001-03-01,Employment,3890
2001-03-01,Education,13460
2001-03-01,Others,32340
2001-04-01,Convention/conference,12230
2001-04-01,Business,35970
2001-04-01,Visiting friends/relatives,90930
2001-04-01,Holiday,217510
2001-04-01,Employment,3490
2001-04-01,Education,13620
2001-04-01,Others,31620
2001-05-01,Convention/conference,13110
2001-05-01,Business,38820
2001-05-01,Visiting friends/relatives,61450
2001-05-01,Holiday,176540
2001-05-01,Employment,3240
2001-05-01,Education,7700
2001-05-01,Others,29310
2001-06-01,Convention/conference,8800
2001-06-01,Business,33280
2001-06-01,Visiting friends/relatives,69910
2001-06-01,Holiday,207230
2001-06-01,Employment,3190
2001-06-01,Education,15760
2001-06-01,Others,31840
2001-07-01,Convention/conference,14740
2001-07-01,Business,37060
2001-07-01,Visiting friends/relatives,70290
2001-07-01,Holiday,212160
2001-07-01,Employment,4900
2001-07-01,Education,42220
2001-07-01,Others,65510
2001-08-01,Convention/conference,8300
2001-08-01,Business,38810
2001-08-01,Visiting friends/relatives,59800
2001-08-01,Holiday,194860
2001-08-01,Employment,4690
2001-08-01,Education,11730
2001-08-01,Others,66400
2001-09-01,Convention/conference,16840
2001-09-01,Business,30620
2001-09-01,Visiting friends/relatives,65710
2001-09-01,Holiday,173590
2001-09-01,Employment,5530
2001-09-01,Education,10510
2001-09-01,Others,63490
2001-10-01,Convention/conference,14070
2001-10-01,Business,38520
2001-10-01,Visiting friends/relatives,64210
2001-10-01,Holiday,176250
2001-10-01,Employment,6780
2001-10-01,Education,13350
2001-10-01,Others,65290
2001-11-01,Convention/conference,11020
2001-11-01,Business,37730
2001-11-01,Visiting friends/relatives,72340
2001-11-01,Holiday,188780
2001-11-01,Employment,5030
2001-11-01,Education,6950
2001-11-01,Others,54330
2001-12-01,Convention/conference,7910
2001-12-01,Business,26670
2001-12-01,Visiting friends/relatives,135800
2001-12-01,Holiday,259170
2001-12-01,Employment,5910
2001-12-01,Education,7780
2001-12-01,Others,79950
2002-01-01,Convention/conference,4910
2002-01-01,Business,30370
2002-01-01,Visiting friends/relatives,65220
2002-01-01,Holiday,172640
2002-01-01,Employment,9030
2002-01-01,Education,29120
2002-01-01,Others,68000
2002-02-01,Convention/conference,8640
2002-02-01,Business,37730
2002-02-01,Visiting friends/relatives,68140
2002-02-01,Holiday,206350
2002-02-01,Employment,7210
2002-02-01,Education,36960
2002-02-01,Others,72210
2002-03-01,Convention/conference,10010
2002-03-01,Business,39030
2002-03-01,Visiting friends/relatives,87700
2002-03-01,Holiday,213240
2002-03-01,Employment,9570
2002-03-01,Education,16450
2002-03-01,Others,70490
2002-04-01,Convention/conference,15730
2002-04-01,Business,40130
2002-04-01,Visiting friends/relatives,63200
2002-04-01,Holiday,178310
2002-04-01,Employment,8500
2002-04-01,Education,13170
2002-04-01,Others,41270
2002-05-01,Convention/conference,15250
2002-05-01,Business,39060
2002-05-01,Visiting friends/relatives,45680
2002-05-01,Holiday,159200
2002-05-01,Employment,6530
2002-05-01,Education,9190
2002-05-01,Others,55030
2002-06-01,Convention/conference,7270
2002-06-01,Business,33390
2002-06-01,Visiting friends/relatives,56630
2002-06-01,Holiday,161860
2002-06-01,Employment,5650
2002-06-01,Education,14150
2002-06-01,Others,60440
2002-07-01,Convention/conference,13950
2002-07-01,Business,36490
2002-07-01,Visiting friends/relatives,61160
2002-07-01,Holiday,183520
2002-07-01,Employment,5650
2002-07-01,Education,44900
2002-07-01,Others,72490
2002-08-01,Convention/conference,9160
2002-08-01,Business,34330
2002-08-01,Visiting friends/relatives,50840
2002-08-01,Holiday,189080
2002-08-01,Employment,6410
2002-08-01,Education,13720
2002-08-01,Others,68400
2002-09-01,Convention/conference,13850
2002-09-01,Business,35910
2002-09-01,Visiting friends/relatives,57640
2002-09-01,Holiday,166980
2002-09-01,Employment,6590
2002-09-01,Education,11080
2002-09-01,Others,66530
2002-10-01,Convention/conference,14190
2002-10-01,Business,42190
2002-10-01,Visiting friends/relatives,72890
2002-10-01,Holiday,230040
2002-10-01,Employment,6140
2002-10-01,Education,14830
2002-10-01,Others,48580
2002-11-01,Convention/conference,11970
2002-11-01,Business,44770
2002-11-01,Visiting friends/relatives,76870
2002-11-01,Holiday,243060
2002-11-01,Employment,6140
2002-11-01,Education,8490
2002-11-01,Others,45730
2002-12-01,Convention/conference,5000
2002-12-01,Business,29050
2002-12-01,Visiting friends/relatives,141610
2002-12-01,Holiday,297200
2002-12-01,Employment,4430
2002-12-01,Education,6880
2002-12-01,Others,49810
2003-01-01,Convention/conference,5540
2003-01-01,Business,32370
2003-01-01,Visiting friends/relatives,69290
2003-01-01,Holiday,204170
2003-01-01,Employment,7380
2003-01-01,Education,30040
2003-01-01,Others,47860
2003-02-01,Convention/conference,9450
2003-02-01,Business,40690
2003-02-01,Visiting friends/relatives,69560
2003-02-01,Holiday,213090
2003-02-01,Employment,5860
2003-02-01,Education,45450
2003-02-01,Others,43390
2003-03-01,Convention/conference,11070
2003-03-01,Business,40700
2003-03-01,Visiting friends/relatives,74890
2003-03-01,Holiday,199010
2003-03-01,Employment,5020
2003-03-01,Education,17260
2003-03-01,Others,44510
2003-04-01,Convention/conference,8280
2003-04-01,Business,27220
2003-04-01,Visiting friends/relatives,77500
2003-04-01,Holiday,159290
2003-04-01,Employment,4210
2003-04-01,Education,9780
2003-04-01,Others,35240
2003-05-01,Convention/conference,14800
2003-05-01,Business,33890
2003-05-01,Visiting friends/relatives,52680
2003-05-01,Holiday,119290
2003-05-01,Employment,4310
2003-05-01,Education,7950
2003-05-01,Others,27980
2003-06-01,Convention/conference,8750
2003-06-01,Business,32030
2003-06-01,Visiting friends/relatives,59850
2003-06-01,Holiday,156500
2003-06-01,Employment,5460
2003-06-01,Education,12480
2003-06-01,Others,33190
2003-07-01,Convention/conference,17280
2003-07-01,Business,36600
2003-07-01,Visiting friends/relatives,71850
2003-07-01,Holiday,197300
2003-07-01,Employment,8120
2003-07-01,Education,42030
2003-07-01,Others,42340
2003-08-01,Convention/conference,14470
2003-08-01,Business,38650
2003-08-01,Visiting friends/relatives,63970
2003-08-01,Holiday,190710
2003-08-01,Employment,8120
2003-08-01,Education,13960
2003-08-01,Others,32380
2003-09-01,Convention/conference,18260
2003-09-01,Business,40410
2003-09-01,Visiting friends/relatives,71760
2003-09-01,Holiday,197360
2003-09-01,Employment,8600
2003-09-01,Education,12940
2003-09-01,Others,36270
2003-10-01,Convention/conference,12380
2003-10-01,Business,45220
2003-10-01,Visiting friends/relatives,79420
2003-10-01,Holiday,230470
2003-10-01,Employment,9660
2003-10-01,Education,15950
2003-10-01,Others,42230
2003-11-01,Convention/conference,13670
2003-11-01,Business,49380
2003-11-01,Visiting friends/relatives,87320
2003-11-01,Holiday,262350
2003-11-01,Employment,8620
2003-11-01,Education,9690
2003-11-01,Others,42250
2003-12-01,Convention/conference,8580
2003-12-01,Business,30310
2003-12-01,Visiting friends/relatives,154120
2003-12-01,Holiday,311020
2003-12-01,Employment,8530
2003-12-01,Education,8130
2003-12-01,Others,45910
2004-01-01,Convention/conference,4720
2004-01-01,Business,32090
2004-01-01,Visiting friends/relatives,74140
2004-01-01,Holiday,219160
2004-01-01,Employment,12120
2004-01-01,Education,34900
2004-01-01,Others,43050
2004-02-01,Convention/conference,12110
2004-02-01,Business,48190
2004-02-01,Visiting friends/relatives,77650
2004-02-01,Holiday,214100
2004-02-01,Employment,10370
2004-02-01,Education,51970
2004-02-01,Others,40420
2004-03-01,Convention/conference,13140
2004-03-01,Business,48990
2004-03-01,Visiting friends/relatives,86710
2004-03-01,Holiday,219250
2004-03-01,Employment,8360
2004-03-01,Education,17260
2004-03-01,Others,38570
2004-04-01,Convention/conference,10720
2004-04-01,Business,35170
2004-04-01,Visiting friends/relatives,89280
2004-04-01,Holiday,202580
2004-04-01,Employment,8810
2004-04-01,Education,16430
2004-04-01,Others,39800
2004-05-01,Convention/conference,12620
2004-05-01,Business,44770
2004-05-01,Visiting friends/relatives,60690
2004-05-01,Holiday,170280
2004-05-01,Employment,9050
2004-05-01,Education,10100
2004-05-01,Others,33740
2004-06-01,Convention/conference,10340
2004-06-01,Business,37700
2004-06-01,Visiting friends/relatives,68900
2004-06-01,Holiday,188380
2004-06-01,Employment,9050
2004-06-01,Education,16420
2004-06-01,Others,36500
2004-07-01,Convention/conference,15770
2004-07-01,Business,40460
2004-07-01,Visiting friends/relatives,86330
2004-07-01,Holiday,243270
2004-07-01,Employment,6880
2004-07-01,Education,53030
2004-07-01,Others,21810
2004-08-01,Convention/conference,17020
2004-08-01,Business,46310
2004-08-01,Visiting friends/relatives,74280
2004-08-01,Holiday,230090
2004-08-01,Employment,6120
2004-08-01,Education,15700
2004-08-01,Others,13530
2004-09-01,Convention/conference,18140
2004-09-01,Business,42450
2004-09-01,Visiting friends/relatives,87470
2004-09-01,Holiday,211980
2004-09-01,Employment,6130
2004-09-01,Education,12210
2004-09-01,Others,15150
2004-10-01,Convention/conference,16920
2004-10-01,Business,46970
2004-10-01,Visiting friends/relatives,92630
2004-10-01,Holiday,248800
2004-10-01,Employment,7550
2004-10-01,Education,15900
2004-10-01,Others,18610
2004-11-01,Convention/conference,17700
2004-11-01,Business,53560
2004-11-01,Visiting friends/relatives,96390
2004-11-01,Holiday,275280
2004-11-01,Employment,7640
2004-11-01,Education,9850
2004-11-01,Others,17590
2004-12-01,Convention/conference,7760
2004-12-01,Business,32710
2004-12-01,Visiting friends/relatives,176430
2004-12-01,Holiday,342970
2004-12-01,Employment,7210
2004-12-01,Education,9300
2004-12-01,Others,15020
2005-01-01,Convention/conference,14080
2005-01-01,Business,36900
2005-01-01,Visiting friends/relatives,90900
2005-01-01,Holiday,244920
2005-01-01,Employment,8960
2005-01-01,Education,38530
2005-01-01,Others,22640
2005-02-01,Convention/conference,11360
2005-02-01,Business,45200
2005-02-01,Visiting friends/relatives,94010
2005-02-01,Holiday,272700
2005-02-01,Employment,6570
2005-02-01,Education,54010
2005-02-01,Others,14910
2005-03-01,Convention/conference,15520
2005-03-01,Business,45330
2005-03-01,Visiting friends/relatives,118340
2005-03-01,Holiday,279410
2005-03-01,Employment,8600
2005-03-01,Education,17710
2005-03-01,Others,17180
2005-04-01,Convention/conference,13440
2005-04-01,Business,43470
2005-04-01,Visiting friends/relatives,90410
2005-04-01,Holiday,220530
2005-04-01,Employment,6460
2005-04-01,Education,15380
2005-04-01,Others,16890
2005-05-01,Convention/conference,14550
2005-05-01,Business,48170
2005-05-01,Visiting friends/relatives,70170
2005-05-01,Holiday,185280
2005-05-01,Employment,6240
2005-05-01,Education,10460
2005-05-01,Others,16410
2005-06-01,Convention/conference,10250
2005-06-01,Business,41850
2005-06-01,Visiting friends/relatives,81770
2005-06-01,Holiday,202910
2005-06-01,Employment,7430
2005-06-01,Education,15830
2005-06-01,Others,16980
2005-07-01,Convention/conference,16150
2005-07-01,Business,45170
2005-07-01,Visiting friends/relatives,90770
2005-07-01,Holiday,254200
2005-07-01,Employment,9860
2005-07-01,Education,57580
2005-07-01,Others,23320
2005-08-01,Convention/conference,22740
2005-08-01,Business,47890
2005-08-01,Visiting friends/relatives,76010
2005-08-01,Holiday,238680
2005-08-01,Employment,11130
2005-08-01,Education,16270
2005-08-01,Others,16530
2005-09-01,Convention/conference,18690
2005-09-01,Business,44640
2005-09-01,Visiting friends/relatives,89300
2005-09-01,Holiday,216190
2005-09-01,Employment,10450
2005-09-01,Education,14670
2005-09-01,Others,18120
2005-10-01,Convention/conference,16290
2005-10-01,Business,50010
2005-10-01,Visiting friends/relatives,92370
2005-10-01,Holiday,255060
2005-10-01,Employment,13860
2005-10-01,Education,15130
2005-10-01,Others,19150
2005-11-01,Convention/conference,22860
2005-11-01,Business,56410
2005-11-01,Visiting friends/relatives,95660
2005-11-01,Holiday,252280
2005-11-01,Employment,11950
2005-11-01,Education,11400
2005-11-01,Others,20100
2005-12-01,Convention/conference,6770
2005-12-01,Business,33740
2005-12-01,Visiting friends/relatives,185650
2005-12-01,Holiday,333520
2005-12-01,Employment,14010
2005-12-01,Education,11140
2005-12-01,Others,14420
2006-01-01,Convention/conference,6980
2006-01-01,Business,38710
2006-01-01,Visiting friends/relatives,89210
2006-01-01,Holiday,256660
2006-01-01,Employment,14700
2006-01-01,Education,35310
2006-01-01,Others,19820
2006-02-01,Convention/conference,14020
2006-02-01,Business,51440
2006-02-01,Visiting friends/relatives,90190
2006-02-01,Holiday,237060
2006-02-01,Employment,12200
2006-02-01,Education,60850
2006-02-01,Others,19250
2006-03-01,Convention/conference,13730
2006-03-01,Business,53620
2006-03-01,Visiting friends/relatives,103700
2006-03-01,Holiday,246760
2006-03-01,Employment,12690
2006-03-01,Education,18180
2006-03-01,Others,24760
2006-04-01,Convention/conference,12580
2006-04-01,Business,43620
2006-04-01,Visiting friends/relatives,107870
2006-04-01,Holiday,226260
2006-04-01,Employment,12930
2006-04-01,Education,16100
2006-04-01,Others,15680
2006-05-01,Convention/conference,14090
2006-05-01,Business,50290
2006-05-01,Visiting friends/relatives,67410
2006-05-01,Holiday,172090
2006-05-01,Employment,12650
2006-05-01,Education,11250
2006-05-01,Others,15160
2006-06-01,Convention/conference,16590
2006-06-01,Business,43670
2006-06-01,Visiting friends/relatives,82450
2006-06-01,Holiday,188360
2006-06-01,Employment,12850
2006-06-01,Education,18070
2006-06-01,Others,17660
2006-07-01,Convention/conference,19660
2006-07-01,Business,49440
2006-07-01,Visiting friends/relatives,88250
2006-07-01,Holiday,227630
2006-07-01,Employment,14370
2006-07-01,Education,57840
2006-07-01,Others,21000
2006-08-01,Convention/conference,19900
2006-08-01,Business,49360
2006-08-01,Visiting friends/relatives,78240
2006-08-01,Holiday,216420
2006-08-01,Employment,13570
2006-08-01,Education,17110
2006-08-01,Others,15600
2006-09-01,Convention/conference,20070
2006-09-01,Business,46520
2006-09-01,Visiting friends/relatives,91620
2006-09-01,Holiday,218430
2006-09-01,Employment,14440
2006-09-01,Education,14730
2006-09-01,Others,17650
2006-10-01,Convention/conference,20790
2006-10-01,Business,53610
2006-10-01,Visiting friends/relatives,96990
2006-10-01,Holiday,251380
2006-10-01,Employment,15240
2006-10-01,Education,16440
2006-10-01,Others,18480
2006-11-01,Convention/conference,15660
2006-11-01,Business,58930
2006-11-01,Visiting friends/relatives,102250
2006-11-01,Holiday,265940
2006-11-01,Employment,14900
2006-11-01,Education,12980
2006-11-01,Others,19320
2006-12-01,Convention/conference,8920
2006-12-01,Business,34530
2006-12-01,Visiting friends/relatives,192590
2006-12-01,Holiday,360600
2006-12-01,Employment,17950
2006-12-01,Education,11420
2006-12-01,Others,14860
2007-01-01,Convention/conference,10210
2007-01-01,Business,43580
2007-01-01,Visiting friends/relatives,89810
2007-01-01,Holiday,229310
2007-01-01,Employment,16260
2007-01-01,Education,40490
2007-01-01,Others,21370
2007-02-01,Convention/conference,11870
2007-02-01,Business,51610
2007-02-01,Visiting friends/relatives,98070
2007-02-01,Holiday,260980
2007-02-01,Employment,14710
2007-02-01,Education,54750
2007-02-01,Others,18170
2007-03-01,Convention/conference,24300
2007-03-01,Business,60480
2007-03-01,Visiting friends/relatives,116920
2007-03-01,Holiday,252540
2007-03-01,Employment,14710
2007-03-01,Education,24640
2007-03-01,Others,26420
2007-04-01,Convention/conference,15130
2007-04-01,Business,47960
2007-04-01,Visiting friends/relatives,101680
2007-04-01,Holiday,220540
2007-04-01,Employment,14020
2007-04-01,Education,18020
2007-04-01,Others,17590
2007-05-01,Convention/conference,14930
2007-05-01,Business,53500
2007-05-01,Visiting friends/relatives,77660
2007-05-01,Holiday,174820
2007-05-01,Employment,13680
2007-05-01,Education,12630
2007-05-01,Others,17510
2007-06-01,Convention/conference,15800
2007-06-01,Business,48240
2007-06-01,Visiting friends/relatives,86170
2007-06-01,Holiday,195360
2007-06-01,Employment,13790
2007-06-01,Education,20320
2007-06-01,Others,18290
2007-07-01,Convention/conference,21760
2007-07-01,Business,49960
2007-07-01,Visiting friends/relatives,91460
2007-07-01,Holiday,226720
2007-07-01,Employment,13820
2007-07-01,Education,57910
2007-07-01,Others,21160
2007-08-01,Convention/conference,17830
2007-08-01,Business,52970
2007-08-01,Visiting friends/relatives,88060
2007-08-01,Holiday,225540
2007-08-01,Employment,15530
2007-08-01,Education,18160
2007-08-01,Others,16660
2007-09-01,Convention/conference,21930
2007-09-01,Business,50500
2007-09-01,Visiting friends/relatives,99760
2007-09-01,Holiday,213200
2007-09-01,Employment,14620
2007-09-01,Education,15700
2007-09-01,Others,18390
2007-10-01,Convention/conference,19930
2007-10-01,Business,57530
2007-10-01,Visiting friends/relatives,99180
2007-10-01,Holiday,239960
2007-10-01,Employment,14680
2007-10-01,Education,16880
2007-10-01,Others,20680
2007-11-01,Convention/conference,21490
2007-11-01,Business,57150
2007-11-01,Visiting friends/relatives,113910
2007-11-01,Holiday,256040
2007-11-01,Employment,17290
2007-11-01,Education,13440
2007-11-01,Others,19900
2007-12-01,Convention/conference,7940
2007-12-01,Business,35600
2007-12-01,Visiting friends/relatives,195860
2007-12-01,Holiday,330010
2007-12-01,Employment,17530
2007-12-01,Education,11730
2007-12-01,Others,16170
2008-01-01,Convention/conference,9850
2008-01-01,Business,42270
2008-01-01,Visiting friends/relatives,89620
2008-01-01,Holiday,218680
2008-01-01,Employment,18450
2008-01-01,Education,41070
2008-01-01,Others,20690
2008-02-01,Convention/conference,17140
2008-02-01,Business,59610
2008-02-01,Visiting friends/relatives,105780
2008-02-01,Holiday,263350
2008-02-01,Employment,18200
2008-02-01,Education,61420
2008-02-01,Others,20920
2008-03-01,Convention/conference,16570
2008-03-01,Business,57040
2008-03-01,Visiting friends/relatives,128140
2008-03-01,Holiday,249830
2008-03-01,Employment,16260
2008-03-01,Education,26940
2008-03-01,Others,18930
2008-04-01,Convention/conference,14690
2008-04-01,Business,60040
2008-04-01,Visiting friends/relatives,103650
2008-04-01,Holiday,195880
2008-04-01,Employment,15670
2008-04-01,Education,15970
2008-04-01,Others,18420
2008-05-01,Convention/conference,16070
2008-05-01,Business,52910
2008-05-01,Visiting friends/relatives,86300
2008-05-01,Holiday,181720
2008-05-01,Employment,13440
2008-05-01,Education,11770
2008-05-01,Others,17810
2008-06-01,Convention/conference,13890
2008-06-01,Business,47910
2008-06-01,Visiting friends/relatives,90270
2008-06-01,Holiday,177860
2008-06-01,Employment,15770
2008-06-01,Education,17510
2008-06-01,Others,19250
2008-07-01,Convention/conference,39090
2008-07-01,Business,51890
2008-07-01,Visiting friends/relatives,90310
2008-07-01,Holiday,220680
2008-07-01,Employment,15830
2008-07-01,Education,58030
2008-07-01,Others,54620
2008-08-01,Convention/conference,17790
2008-08-01,Business,50660
2008-08-01,Visiting friends/relatives,91950
2008-08-01,Holiday,203000
2008-08-01,Employment,15250
2008-08-01,Education,21150
2008-08-01,Others,18950
2008-09-01,Convention/conference,17060
2008-09-01,Business,48080
2008-09-01,Visiting friends/relatives,100930
2008-09-01,Holiday,186240
2008-09-01,Employment,16670
2008-09-01,Education,14000
2008-09-01,Others,17030
2008-10-01,Convention/conference,18090
2008-10-01,Business,54720
2008-10-01,Visiting friends/relatives,105030
2008-10-01,Holiday,222970
2008-10-01,Employment,15950
2008-10-01,Education,18260
2008-10-01,Others,20730
2008-11-01,Convention/conference,15060
2008-11-01,Business,54320
2008-11-01,Visiting friends/relatives,115950
2008-11-01,Holiday,236290
2008-11-01,Employment,16070
2008-11-01,Education,12970
2008-11-01,Others,19690
2008-12-01,Convention/conference,8970
2008-12-01,Business,31150
2008-12-01,Visiting friends/relatives,206550
2008-12-01,Holiday,318910
2008-12-01,Employment,17800
2008-12-01,Education,11900
2008-12-01,Others,16530
2009-01-01,Convention/conference,7020
2009-01-01,Business,34080
2009-01-01,Visiting friends/relatives,99750
2009-01-01,Holiday,227960
2009-01-01,Employment,19990
2009-01-01,Education,41330
2009-01-01,Others,21760
2009-02-01,Convention/conference,11960
2009-02-01,Business,47890
2009-02-01,Visiting friends/relatives,109860
2009-02-01,Holiday,225520
2009-02-01,Employment,16810
2009-02-01,Education,68430
2009-02-01,Others,21310
2009-03-01,Convention/conference,12800
2009-03-01,Business,54170
2009-03-01,Visiting friends/relatives,123890
2009-03-01,Holiday,232880
2009-03-01,Employment,16150
2009-03-01,Education,27750
2009-03-01,Others,19200
2009-04-01,Convention/conference,9700
2009-04-01,Business,39360
2009-04-01,Visiting friends/relatives,130530
2009-04-01,Holiday,219070
2009-04-01,Employment,15060
2009-04-01,Education,20440
2009-04-01,Others,18660
2009-05-01,Convention/conference,12330
2009-05-01,Business,43580
2009-05-01,Visiting friends/relatives,101410
2009-05-01,Holiday,171320
2009-05-01,Employment,13640
2009-05-01,Education,13620
2009-05-01,Others,17010
2009-06-01,Convention/conference,11190
2009-06-01,Business,41940
2009-06-01,Visiting friends/relatives,97620
2009-06-01,Holiday,162300
2009-06-01,Employment,13240
2009-06-01,Education,18740
2009-06-01,Others,17250
2009-07-01,Convention/conference,15870
2009-07-01,Business,44110
2009-07-01,Visiting friends/relatives,112860
2009-07-01,Holiday,188240
2009-07-01,Employment,13970
2009-07-01,Education,61040
2009-07-01,Others,22880
2009-08-01,Convention/conference,17350
2009-08-01,Business,45770
2009-08-01,Visiting friends/relatives,99420
2009-08-01,Holiday,193880
2009-08-01,Employment,15330
2009-08-01,Education,21300
2009-08-01,Others,20110
2009-09-01,Convention/conference,15630
2009-09-01,Business,44650
2009-09-01,Visiting friends/relatives,115930
2009-09-01,Holiday,207650
2009-09-01,Employment,15640
2009-09-01,Education,16820
2009-09-01,Others,20980
2009-10-01,Convention/conference,16820
2009-10-01,Business,48930
2009-10-01,Visiting friends/relatives,121730
2009-10-01,Holiday,236840
2009-10-01,Employment,15490
2009-10-01,Education,21340
2009-10-01,Others,23670
2009-11-01,Convention/conference,16750
2009-11-01,Business,56660
2009-11-01,Visiting friends/relatives,128760
2009-11-01,Holiday,232460
2009-11-01,Employment,14920
2009-11-01,Education,15590
2009-11-01,Others,20110
2009-12-01,Convention/conference,9660
2009-12-01,Business,32060
2009-12-01,Visiting friends/relatives,229180
2009-12-01,Holiday,328580
2009-12-01,Employment,16760
2009-12-01,Education,13940
2009-12-01,Others,19180
2010-01-01,Convention/conference,7350
2010-01-01,Business,40930
2010-01-01,Visiting friends/relatives,106320
2010-01-01,Holiday,205940
2010-01-01,Employment,18970
2010-01-01,Education,46970
2010-01-01,Others,22230
2010-02-01,Convention/conference,14010
2010-02-01,Business,54210
2010-02-01,Visiting friends/relatives,118060
2010-02-01,Holiday,261620
2010-02-01,Employment,17680
2010-02-01,Education,73170
2010-02-01,Others,21380
2010-03-01,Convention/conference,14290
2010-03-01,Business,58740
2010-03-01,Visiting friends/relatives,139360
2010-03-01,Holiday,243320
2010-03-01,Employment,16870
2010-03-01,Education,31690
2010-03-01,Others,22060
2010-04-01,Convention/conference,14650
2010-04-01,Business,47370
2010-04-01,Visiting friends/relatives,117600
2010-04-01,Holiday,195900
2010-04-01,Employment,14750
2010-04-01,Education,19250
2010-04-01,Others,19380
2010-05-01,Convention/conference,14780
2010-05-01,Business,56420
2010-05-01,Visiting friends/relatives,93300
2010-05-01,Holiday,165930
2010-05-01,Employment,13450
2010-05-01,Education,13240
2010-05-01,Others,17830
2010-06-01,Convention/conference,18920
2010-06-01,Business,46650
2010-06-01,Visiting friends/relatives,103480
2010-06-01,Holiday,181850
2010-06-01,Employment,14690
2010-06-01,Education,20170
2010-06-01,Others,17940
2010-07-01,Convention/conference,20110
2010-07-01,Business,49020
2010-07-01,Visiting friends/relatives,111900
2010-07-01,Holiday,222430
2010-07-01,Employment,15690
2010-07-01,Education,69080
2010-07-01,Others,22690
2010-08-01,Convention/conference,17750
2010-08-01,Business,53230
2010-08-01,Visiting friends/relatives,107370
2010-08-01,Holiday,214870
2010-08-01,Employment,15000
2010-08-01,Education,23940
2010-08-01,Others,19150
2010-09-01,Convention/conference,18840
2010-09-01,Business,49810
2010-09-01,Visiting friends/relatives,121040
2010-09-01,Holiday,229220
2010-09-01,Employment,16900
2010-09-01,Education,17870
2010-09-01,Others,22000
2010-10-01,Convention/conference,17530
2010-10-01,Business,56630
2010-10-01,Visiting friends/relatives,124060
2010-10-01,Holiday,236050
2010-10-01,Employment,16380
2010-10-01,Education,19840
2010-10-01,Others,23980
2010-11-01,Convention/conference,20330
2010-11-01,Business,62930
2010-11-01,Visiting friends/relatives,131680
2010-11-01,Holiday,247050
2010-11-01,Employment,16910
2010-11-01,Education,15980
2010-11-01,Others,23210
2010-12-01,Convention/conference,8830
2010-12-01,Business,37860
2010-12-01,Visiting friends/relatives,239650
2010-12-01,Holiday,340670
2010-12-01,Employment,17280
2010-12-01,Education,14260
2010-12-01,Others,19810
2011-01-01,Convention/conference,7530
2011-01-01,Business,50490
2011-01-01,Visiting friends/relatives,109140
2011-01-01,Holiday,219150
2011-01-01,Employment,20440
2011-01-01,Education,42520
2011-01-01,Others,24520
2011-02-01,Convention/conference,14030
2011-02-01,Business,59250
2011-02-01,Visiting friends/relatives,118570
2011-02-01,Holiday,242410
2011-02-01,Employment,20020
2011-02-01,Education,85710
2011-02-01,Others,25170
2011-03-01,Convention/conference,17490
2011-03-01,Business,62370
2011-03-01,Visiting friends/relatives,131880
2011-03-01,Holiday,215990
2011-03-01,Employment,17000
2011-03-01,Education,29290
2011-03-01,Others,26080
2011-04-01,Convention/conference,12090
2011-04-01,Business,44810
2011-04-01,Visiting friends/relatives,144690
2011-04-01,Holiday,206150
2011-04-01,Employment,16290
2011-04-01,Education,16610
2011-04-01,Others,19690
2011-05-01,Convention/conference,15130
2011-05-01,Business,60880
2011-05-01,Visiting friends/relatives,96080
2011-05-01,Holiday,158730
2011-05-01,Employment,15650
2011-05-01,Education,18470
2011-05-01,Others,19570
2011-06-01,Convention/conference,13070
2011-06-01,Business,49610
2011-06-01,Visiting friends/relatives,99340
2011-06-01,Holiday,170030
2011-06-01,Employment,16130
2011-06-01,Education,18160
2011-06-01,Others,21340
2011-07-01,Convention/conference,19310
2011-07-01,Business,54510
2011-07-01,Visiting friends/relatives,116210
2011-07-01,Holiday,206730
2011-07-01,Employment,17200
2011-07-01,Education,67120
2011-07-01,Others,24560
2011-08-01,Convention/conference,16780
2011-08-01,Business,53480
2011-08-01,Visiting friends/relatives,110030
2011-08-01,Holiday,224630
2011-08-01,Employment,17590
2011-08-01,Education,23350
2011-08-01,Others,21150
2011-09-01,Convention/conference,18370
2011-09-01,Business,52050
2011-09-01,Visiting friends/relatives,113920
2011-09-01,Holiday,185260
2011-09-01,Employment,18900
2011-09-01,Education,18440
2011-09-01,Others,24100
2011-10-01,Convention/conference,22330
2011-10-01,Business,58060
2011-10-01,Visiting friends/relatives,121810
2011-10-01,Holiday,230520
2011-10-01,Employment,20820
2011-10-01,Education,20180
2011-10-01,Others,25810
2011-11-01,Convention/conference,22050
2011-11-01,Business,69710
2011-11-01,Visiting friends/relatives,133970
2011-11-01,Holiday,239130
2011-11-01,Employment,18710
2011-11-01,Education,15590
2011-11-01,Others,23600
2011-12-01,Convention/conference,7940
2011-12-01,Business,35240
2011-12-01,Visiting friends/relatives,245100
2011-12-01,Holiday,333680
2011-12-01,Employment,18060
2011-12-01,Education,15030
2011-12-01,Others,19750
2012-01-01,Convention/conference,9290
2012-01-01,Business,42530
2012-01-01,Visiting friends/relatives,117810
2012-01-01,Holiday,243620
2012-01-01,Employment,24990
2012-01-01,Education,40730
2012-01-01,Others,23030
2012-02-01,Convention/conference,16420
2012-02-01,Business,63410
2012-02-01,Visiting friends/relatives,128620
2012-02-01,Holiday,228390
2012-02-01,Employment,19950
2012-02-01,Education,85710
2012-02-01,Others,23250
2012-03-01,Convention/conference,16790
2012-03-01,Business,58770
2012-03-01,Visiting friends/relatives,151910
2012-03-01,Holiday,246410
2012-03-01,Employment,19980
2012-03-01,Education,27950
2012-03-01,Others,22020
2012-04-01,Convention/conference,13220
2012-04-01,Business,50080
2012-04-01,Visiting friends/relatives,130030
2012-04-01,Holiday,207190
2012-04-01,Employment,20390
2012-04-01,Education,19930
2012-04-01,Others,24250
2012-05-01,Convention/conference,20320
2012-05-01,Business,60830
2012-05-01,Visiting friends/relatives,100540
2012-05-01,Holiday,161020
2012-05-01,Employment,17670
2012-05-01,Education,13310
2012-05-01,Others,19740
2012-06-01,Convention/conference,14440
2012-06-01,Business,48800
2012-06-01,Visiting friends/relatives,112650
2012-06-01,Holiday,186580
2012-06-01,Employment,18320
2012-06-01,Education,19240
2012-06-01,Others,20480
2012-07-01,Convention/conference,19010
2012-07-01,Business,51900
2012-07-01,Visiting friends/relatives,113560
2012-07-01,Holiday,202350
2012-07-01,Employment,19040
2012-07-01,Education,68520
2012-07-01,Others,25470
2012-08-01,Convention/conference,20980
2012-08-01,Business,52650
2012-08-01,Visiting friends/relatives,119750
2012-08-01,Holiday,237590
2012-08-01,Employment,22600
2012-08-01,Education,25030
2012-08-01,Others,20140
2012-09-01,Convention/conference,23530
2012-09-01,Business,55630
2012-09-01,Visiting friends/relatives,127590
2012-09-01,Holiday,204890
2012-09-01,Employment,18840
2012-09-01,Education,19970
2012-09-01,Others,25020
2012-10-01,Convention/conference,21610
2012-10-01,Business,63030
2012-10-01,Visiting friends/relatives,130210
2012-10-01,Holiday,241750
2012-10-01,Employment,19310
2012-10-01,Education,18760
2012-10-01,Others,26340
2012-11-01,Convention/conference,19770
2012-11-01,Business,62620
2012-11-01,Visiting friends/relatives,148650
2012-11-01,Holiday,269550
2012-11-01,Employment,17240
2012-11-01,Education,15990
2012-11-01,Others,26280
2012-12-01,Convention/conference,11190
2012-12-01,Business,38680
2012-12-01,Visiting friends/relatives,264130
2012-12-01,Holiday,353740
2012-12-01,Employment,17640
2012-12-01,Education,15760
2012-12-01,Others,20180
2013-01-01,Convention/conference,7700
2013-01-01,Business,43210
2013-01-01,Visiting friends/relatives,116080
2013-01-01,Holiday,223070
2013-01-01,Employment,27260
2013-01-01,Education,42550
2013-01-01,Others,28810
2013-02-01,Convention/conference,14240
2013-02-01,Business,58660
2013-02-01,Visiting friends/relatives,136420
2013-02-01,Holiday,288370
2013-02-01,Employment,19860
2013-02-01,Education,74540
2013-02-01,Others,24890
2013-03-01,Convention/conference,13140
2013-03-01,Business,57370
2013-03-01,Visiting friends/relatives,172020
2013-03-01,Holiday,267140
2013-03-01,Employment,21360
2013-03-01,Education,33520
2013-03-01,Others,24310
2013-04-01,Convention/conference,15630
2013-04-01,Business,56390
2013-04-01,Visiting friends/relatives,123830
2013-04-01,Holiday,203150
2013-04-01,Employment,19150
2013-04-01,Education,21560
2013-04-01,Others,21820
2013-05-01,Convention/conference,18670
2013-05-01,Business,56760
2013-05-01,Visiting friends/relatives,107620
2013-05-01,Holiday,177900
2013-05-01,Employment,15060
2013-05-01,Education,15020
2013-05-01,Others,22300
2013-06-01,Convention/conference,16330
2013-06-01,Business,49460
2013-06-01,Visiting friends/relatives,117940
2013-06-01,Holiday,206920
2013-06-01,Employment,16660
2013-06-01,Education,19960
2013-06-01,Others,20250
2013-07-01,Convention/conference,15850
2013-07-01,Business,55270
2013-07-01,Visiting friends/relatives,126650
2013-07-01,Holiday,222430
2013-07-01,Employment,16390
2013-07-01,Education,68010
2013-07-01,Others,26310
2013-08-01,Convention/conference,19130
2013-08-01,Business,49780
2013-08-01,Visiting friends/relatives,129380
2013-08-01,Holiday,265820
2013-08-01,Employment,17120
2013-08-01,Education,27090
2013-08-01,Others,21040
2013-09-01,Convention/conference,17640
2013-09-01,Business,52860
2013-09-01,Visiting friends/relatives,141780
2013-09-01,Holiday,221670
2013-09-01,Employment,18360
2013-09-01,Education,17760
2013-09-01,Others,23820
2013-10-01,Convention/conference,21140
2013-10-01,Business,56660
2013-10-01,Visiting friends/relatives,149660
2013-10-01,Holiday,249090
2013-10-01,Employment,19750
2013-10-01,Education,21920
2013-10-01,Others,24530
2013-11-01,Convention/conference,19140
2013-11-01,Business,62880
2013-11-01,Visiting friends/relatives,162670
2013-11-01,Holiday,273440
2013-11-01,Employment,17800
2013-11-01,Education,16770
2013-11-01,Others,25420
2013-12-01,Convention/conference,14680
2013-12-01,Business,39600
2013-12-01,Visiting friends/relatives,298440
2013-12-01,Holiday,385710
2013-12-01,Employment,17320
2013-12-01,Education,14040
2013-12-01,Others,19960
2014-01-01,Convention/conference,7780
2014-01-01,Business,41160
2014-01-01,Visiting friends/relatives,149480
2014-01-01,Holiday,273520
2014-01-01,Employment,27930
2014-01-01,Education,37670
2014-01-01,Others,24960
2014-02-01,Convention/conference,13110
2014-02-01,Business,57830
2014-02-01,Visiting friends/relatives,155520
2014-02-01,Holiday,288180
2014-02-01,Employment,20630
2014-02-01,Education,75410
2014-02-01,Others,26950
2014-03-01,Convention/conference,17610
2014-03-01,Business,62320
2014-03-01,Visiting friends/relatives,166600
2014-03-01,Holiday,280510
2014-03-01,Employment,18370
2014-03-01,Education,31760
2014-03-01,Others,23650
2014-04-01,Convention/conference,12760
2014-04-01,Business,45660
2014-04-01,Visiting friends/relatives,168280
2014-04-01,Holiday,244620
2014-04-01,Employment,16800
2014-04-01,Education,19770
2014-04-01,Others,20670
2014-05-01,Convention/conference,27630
2014-05-01,Business,57110
2014-05-01,Visiting friends/relatives,126950
2014-05-01,Holiday,208560
2014-05-01,Employment,14930
2014-05-01,Education,15660
2014-05-01,Others,22050
2014-06-01,Convention/conference,16560
2014-06-01,Business,51000
2014-06-01,Visiting friends/relatives,129060
2014-06-01,Holiday,207810
2014-06-01,Employment,14970
2014-06-01,Education,19060
2014-06-01,Others,19420
2014-07-01,Convention/conference,24700
2014-07-01,Business,47980
2014-07-01,Visiting friends/relatives,139090
2014-07-01,Holiday,271210
2014-07-01,Employment,16540
2014-07-01,Education,67650
2014-07-01,Others,22480
2014-08-01,Convention/conference,21020
2014-08-01,Business,53840
2014-08-01,Visiting friends/relatives,131920
2014-08-01,Holiday,263450
2014-08-01,Employment,17060
2014-08-01,Education,30070
2014-08-01,Others,23540
2014-09-01,Convention/conference,22520
2014-09-01,Business,50790
2014-09-01,Visiting friends/relatives,144780
2014-09-01,Holiday,243580
2014-09-01,Employment,19010
2014-09-01,Education,18230
2014-09-01,Others,22830
2014-10-01,Convention/conference,22750
2014-10-01,Business,59430
2014-10-01,Visiting friends/relatives,151570
2014-10-01,Holiday,265780
2014-10-01,Employment,29010
2014-10-01,Education,26270
2014-10-01,Others,31850
2014-11-01,Convention/conference,29430
2014-11-01,Business,63480
2014-11-01,Visiting friends/relatives,166530
2014-11-01,Holiday,275790
2014-11-01,Employment,26070
2014-11-01,Education,20380
2014-11-01,Others,29550
2014-12-01,Convention/conference,9840
2014-12-01,Business,35350
2014-12-01,Visiting friends/relatives,309900
2014-12-01,Holiday,378920
2014-12-01,Employment,33500
2014-12-01,Education,18100
2014-12-01,Others,26230
2015-01-01,Convention/conference,10930
2015-01-01,Business,41600
2015-01-01,Visiting friends/relatives,156120
2015-01-01,Holiday,228910
2015-01-01,Employment,32370
2015-01-01,Education,47760
2015-01-01,Others,29740
2015-02-01,Convention/conference,14450
2015-02-01,Business,54030
2015-02-01,Visiting friends/relatives,182970
2015-02-01,Holiday,342810
2015-02-01,Employment,31270
2015-02-01,Education,73800
2015-02-01,Others,26720
2015-03-01,Convention/conference,16540
2015-03-01,Business,59860
2015-03-01,Visiting friends/relatives,197270
2015-03-01,Holiday,308350
2015-03-01,Employment,24110
2015-03-01,Education,42940
2015-03-01,Others,30210
2015-04-01,Convention/conference,17560
2015-04-01,Business,49390
2015-04-01,Visiting friends/relatives,159190
2015-04-01,Holiday,247460
2015-04-01,Employment,26120
2015-04-01,Education,26290
2015-04-01,Others,24150
2015-05-01,Convention/conference,18300
2015-05-01,Business,55750
2015-05-01,Visiting friends/relatives,129040
2015-05-01,Holiday,214910
2015-05-01,Employment,25370
2015-05-01,Education,18910
2015-05-01,Others,23380
2015-06-01,Convention/conference,16130
2015-06-01,Business,48210
2015-06-01,Visiting friends/relatives,135800
2015-06-01,Holiday,213990
2015-06-01,Employment,25130
2015-06-01,Education,25460
2015-06-01,Others,23430
2015-07-01,Convention/conference,15380
2015-07-01,Business,46810
2015-07-01,Visiting friends/relatives,152820
2015-07-01,Holiday,271370
2015-07-01,Employment,28250
2015-07-01,Education,84530
2015-07-01,Others,29110
2015-08-01,Convention/conference,17850
2015-08-01,Business,49440
2015-08-01,Visiting friends/relatives,153840
2015-08-01,Holiday,269060
2015-08-01,Employment,26710
2015-08-01,Education,34850
2015-08-01,Others,22390
2015-09-01,Convention/conference,20130
2015-09-01,Business,48450
2015-09-01,Visiting friends/relatives,172830
2015-09-01,Holiday,265520
2015-09-01,Employment,21990
2015-09-01,Education,20420
2015-09-01,Others,22650
2015-10-01,Convention/conference,23390
2015-10-01,Business,53900
2015-10-01,Visiting friends/relatives,157870
2015-10-01,Holiday,314870
2015-10-01,Employment,21260
2015-10-01,Education,27720
2015-10-01,Others,26790
2015-11-01,Convention/conference,23080
2015-11-01,Business,62730
2015-11-01,Visiting friends/relatives,162210
2015-11-01,Holiday,342780
2015-11-01,Employment,27090
2015-11-01,Education,29880
2015-11-01,Others,23770
2015-12-01,Convention/conference,7490
2015-12-01,Business,31830
2015-12-01,Visiting friends/relatives,309180
2015-12-01,Holiday,476820
2015-12-01,Employment,27430
2015-12-01,Education,26960
2015-12-01,Others,21600
2016-01-01,Convention/conference,9380
2016-01-01,Business,39190
2016-01-01,Visiting friends/relatives,141100
2016-01-01,Holiday,318620
2016-01-01,Employment,26490
2016-01-01,Education,52540
2016-01-01,Others,30360
2016-02-01,Convention/conference,16920
2016-02-01,Business,57490
2016-02-01,Visiting friends/relatives,166240
2016-02-01,Holiday,411650
2016-02-01,Employment,23670
2016-02-01,Education,94110
2016-02-01,Others,28540
2016-03-01,Convention/conference,16210
2016-03-01,Business,56020
2016-03-01,Visiting friends/relatives,203430
2016-03-01,Holiday,397040
2016-03-01,Employment,23260
2016-03-01,Education,36620
2016-03-01,Others,24760
2016-04-01,Convention/conference,19490
2016-04-01,Business,52050
2016-04-01,Visiting friends/relatives,153910
2016-04-01,Holiday,310130
2016-04-01,Employment,18450
2016-04-01,Education,27080
2016-04-01,Others,29370
2016-05-01,Convention/conference,17020
2016-05-01,Business,56800
2016-05-01,Visiting friends/relatives,126370
2016-05-01,Holiday,273960
2016-05-01,Employment,18240
2016-05-01,Education,19350
2016-05-01,Others,29540
2016-06-01,Convention/conference,13890
2016-06-01,Business,47980
2016-06-01,Visiting friends/relatives,147610
2016-06-01,Holiday,277630
2016-06-01,Employment,20010
2016-06-01,Education,24990
2016-06-01,Others,22960
2016-07-01,Convention/conference,18530
2016-07-01,Business,49320
2016-07-01,Visiting friends/relatives,152870
2016-07-01,Holiday,344480
2016-07-01,Employment,23400
2016-07-01,Education,97020
2016-07-01,Others,30160
2016-08-01,Convention/conference,16840
2016-08-01,Business,51810
2016-08-01,Visiting friends/relatives,144560
2016-08-01,Holiday,340540
2016-08-01,Employment,19600
2016-08-01,Education,31590
2016-08-01,Others,27190
2016-09-01,Convention/conference,22680
2016-09-01,Business,48700
2016-09-01,Visiting friends/relatives,168600
2016-09-01,Holiday,329200
2016-09-01,Employment,23770
2016-09-01,Education,26920
2016-09-01,Others,27170
2016-10-01,Convention/conference,21890
2016-10-01,Business,56420
2016-10-01,Visiting friends/relatives,161380
2016-10-01,Holiday,345940
2016-10-01,Employment,31860
2016-10-01,Education,41090
2016-10-01,Others,37350
2016-11-01,Convention/conference,21860
2016-11-01,Business,64000
2016-11-01,Visiting friends/relatives,178660
2016-11-01,Holiday,384920
2016-11-01,Employment,22330
2016-11-01,Education,23220
2016-11-01,Others,26840
2016-12-01,Convention/conference,11030
2016-12-01,Business,32230
2016-12-01,Visiting friends/relatives,335630
2016-12-01,Holiday,515890
2016-12-01,Employment,28100
2016-12-01,Education,27030
2016-12-01,Others,26230
2017-01-01,Convention/conference,16160
2017-01-01,Business,40370
2017-01-01,Visiting friends/relatives,155430
2017-01-01,Holiday,392440
2017-01-01,Employment,35110
2017-01-01,Education,58920
2017-01-01,Others,25570
2017-02-01,Convention/conference,18090
2017-02-01,Business,59250
2017-02-01,Visiting friends/relatives,173020
2017-02-01,Holiday,358810
2017-02-01,Employment,31630
2017-02-01,Education,120330
2017-02-01,Others,26440
2017-03-01,Convention/conference,19510
2017-03-01,Business,62390
2017-03-01,Visiting friends/relatives,197560
2017-03-01,Holiday,404940
2017-03-01,Employment,21010
2017-03-01,Education,41180
2017-03-01,Others,25640
2017-04-01,Convention/conference,16980
2017-04-01,Business,45810
2017-04-01,Visiting friends/relatives,189970
2017-04-01,Holiday,366370
2017-04-01,Employment,22200
2017-04-01,Education,34890
2017-04-01,Others,23790
2017-05-01,Convention/conference,20520
2017-05-01,Business,57500
2017-05-01,Visiting friends/relatives,142390
2017-05-01,Holiday,297530
2017-05-01,Employment,18350
2017-05-01,Education,21630
2017-05-01,Others,21170
2017-06-01,Convention/conference,17680
2017-06-01,Business,50640
2017-06-01,Visiting friends/relatives,163990
2017-06-01,Holiday,300790
2017-06-01,Employment,22900
2017-06-01,Education,28790
2017-06-01,Others,21230
2017-07-01,Convention/conference,25890
2017-07-01,Business,55120
2017-07-01,Visiting friends/relatives,180340
2017-07-01,Holiday,332950
2017-07-01,Employment,16780
2017-07-01,Education,107400
2017-07-01,Others,27920
2017-08-01,Convention/conference,28310
2017-08-01,Business,56940
2017-08-01,Visiting friends/relatives,182190
2017-08-01,Holiday,359360
2017-08-01,Employment,17610
2017-08-01,Education,35080
2017-08-01,Others,23410
2017-09-01,Convention/conference,28350
2017-09-01,Business,55240
2017-09-01,Visiting friends/relatives,198240
2017-09-01,Holiday,309320
2017-09-01,Employment,19880
2017-09-01,Education,27660
2017-09-01,Others,24890
2017-10-01,Convention/conference,31730
2017-10-01,Business,67220
2017-10-01,Visiting friends/relatives,204680
2017-10-01,Holiday,356260
2017-10-01,Employment,19550
2017-10-01,Education,36520
2017-10-01,Others,25390
2017-11-01,Convention/conference,29200
2017-11-01,Business,71630
2017-11-01,Visiting friends/relatives,230170
2017-11-01,Holiday,380920
2017-11-01,Employment,17190
2017-11-01,Education,23840
2017-11-01,Others,24140
2017-12-01,Convention/conference,14600
2017-12-01,Business,37750
2017-12-01,Visiting friends/relatives,418420
2017-12-01,Holiday,487950
2017-12-01,Employment,14410
2017-12-01,Education,23820
2017-12-01,Others,18090
2018-01-01,Convention/conference,13310
2018-01-01,Business,47260
2018-01-01,Visiting friends/relatives,199220
2018-01-01,Holiday,323630
2018-01-01,Employment,25330
2018-01-01,Education,68400
2018-01-01,Others,25420
2018-02-01,Convention/conference,19980
2018-02-01,Business,63320
2018-02-01,Visiting friends/relatives,227550
2018-02-01,Holiday,449380
2018-02-01,Employment,17550
2018-02-01,Education,111350
2018-02-01,Others,25400
2018-03-01,Convention/conference,24040
2018-03-01,Business,65370
2018-03-01,Visiting friends/relatives,277620
2018-03-01,Holiday,408660
2018-03-01,Employment,17980
2018-03-01,Education,49290
2018-03-01,Others,29400
2018-04-01,Convention/conference,23070
2018-04-01,Business,58330
2018-04-01,Visiting friends/relatives,206060
2018-04-01,Holiday,309640
2018-04-01,Employment,17270
2018-04-01,Education,38890
2018-04-01,Others,26520
2018-05-01,Convention/conference,32240
2018-05-01,Business,61860
2018-05-01,Visiting friends/relatives,184850
2018-05-01,Holiday,270190
2018-05-01,Employment,15580
2018-05-01,Education,23610
2018-05-01,Others,21120
2018-06-01,Convention/conference,21630
2018-06-01,Business,51100
2018-06-01,Visiting friends/relatives,205960
2018-06-01,Holiday,301160
2018-06-01,Employment,15270
2018-06-01,Education,31790
2018-06-01,Others,19740
2018-07-01,Convention/conference,28520
2018-07-01,Business,56980
2018-07-01,Visiting friends/relatives,199130
2018-07-01,Holiday,330840
2018-07-01,Employment,14260
2018-07-01,Education,118840
2018-07-01,Others,25800
2018-08-01,Convention/conference,25450
2018-08-01,Business,58590
2018-08-01,Visiting friends/relatives,204640
2018-08-01,Holiday,376230
2018-08-01,Employment,15790
2018-08-01,Education,38520
2018-08-01,Others,22490
2018-09-01,Convention/conference,31780
2018-09-01,Business,59790
2018-09-01,Visiting friends/relatives,203970
2018-09-01,Holiday,318330
2018-09-01,Employment,19060
2018-09-01,Education,31580
2018-09-01,Others,25690
2018-10-01,Convention/conference,35350
2018-10-01,Business,64580
2018-10-01,Visiting friends/relatives,219580
2018-10-01,Holiday,351170
2018-10-01,Employment,18460
2018-10-01,Education,36100
2018-10-01,Others,28720
2018-11-01,Convention/conference,33200
2018-11-01,Business,66360
2018-11-01,Visiting friends/relatives,236530
2018-11-01,Holiday,390830
2018-11-01,Employment,17430
2018-11-01,Education,26370
2018-11-01,Others,31440
2018-12-01,Convention/conference,14990
2018-12-01,Business,38880
2018-12-01,Visiting friends/relatives,425550
2018-12-01,Holiday,509280
2018-12-01,Employment,14860
2018-12-01,Education,25810
2018-12-01,Others,28530
2019-01-01,Convention/conference,13520
2019-01-01,Business,47770
2019-01-01,Visiting friends/relatives,197380
2019-01-01,Holiday,353090
2019-01-01,Employment,26580
2019-01-01,Education,65240
2019-01-01,Others,27560
2019-02-01,Convention/conference,22530
2019-02-01,Business,62460
2019-02-01,Visiting friends/relatives,232090
2019-02-01,Holiday,441800
2019-02-01,Employment,20300
2019-02-01,Education,121260
2019-02-01,Others,26790
2019-03-01,Convention/conference,29750
2019-03-01,Business,69040
2019-03-01,Visiting friends/relatives,239850
2019-03-01,Holiday,400350
2019-03-01,Employment,17360
2019-03-01,Education,52260
2019-03-01,Others,27750
2019-04-01,Convention/conference,21570
2019-04-01,Business,48090
2019-04-01,Visiting friends/relatives,236910
2019-04-01,Holiday,323290
2019-04-01,Employment,14970
2019-04-01,Education,32900
2019-04-01,Others,22640
2019-05-01,Convention/conference,30390
2019-05-01,Business,58440
2019-05-01,Visiting friends/relatives,197500
2019-05-01,Holiday,314820
2019-05-01,Employment,17140
2019-05-01,Education,28090
2019-05-01,Others,21890
2019-06-01,Convention/conference,23860
2019-06-01,Business,53300
2019-06-01,Visiting friends/relatives,199820
2019-06-01,Holiday,311440
2019-06-01,Employment,15910
2019-06-01,Education,35040
2019-06-01,Others,20960
2019-07-01,Convention/conference,29110
2019-07-01,Business,56030
2019-07-01,Visiting friends/relatives,208710
2019-07-01,Holiday,347490
2019-07-01,Employment,14520
2019-07-01,Education,108020
2019-07-01,Others,26500
2019-08-01,Convention/conference,33330
2019-08-01,Business,54620
2019-08-01,Visiting friends/relatives,210020
2019-08-01,Holiday,401070
2019-08-01,Employment,16360
2019-08-01,Education,48400
2019-08-01,Others,25400
2019-09-01,Convention/conference,32570
2019-09-01,Business,58220
2019-09-01,Visiting friends/relatives,212680
2019-09-01,Holiday,311880
2019-09-01,Employment,19280
2019-09-01,Education,34860
2019-09-01,Others,25470
2019-10-01,Convention/conference,35230
2019-10-01,Business,62290
2019-10-01,Visiting friends/relatives,224700
2019-10-01,Holiday,361630
2019-10-01,Employment,19610
2019-10-01,Education,40030
2019-10-01,Others,30530
2019-11-01,Convention/conference,40100
2019-11-01,Business,67070
2019-11-01,Visiting friends/relatives,242730
2019-11-01,Holiday,393980
2019-11-01,Employment,18840
2019-11-01,Education,27160
2019-11-01,Others,26020
2019-12-01,Convention/conference,17700
2019-12-01,Business,38460
2019-12-01,Visiting friends/relatives,443530
2019-12-01,Holiday,514880
2019-12-01,Employment,14780
2019-12-01,Education,27160
2019-12-01,Others,21210
2020-01-01,Convention/conference,11690
2020-01-01,Business,40320
2020-01-01,Visiting friends/relatives,210820
2020-01-01,Holiday,377820
2020-01-01,Employment,29800
2020-01-01,Education,66180
2020-01-01,Others,29950
2020-02-01,Convention/conference,19260
2020-02-01,Business,53460
2020-02-01,Visiting friends/relatives,209610
2020-02-01,Holiday,285580
2020-02-01,Employment,20320
2020-02-01,Education,72520
2020-02-01,Others,24660
2020-03-01,Convention/conference,6950
2020-03-01,Business,21920
2020-03-01,Visiting friends/relatives,112410
2020-03-01,Holiday,124450
2020-03-01,Employment,10980
2020-03-01,Education,40680
2020-03-01,Others,14490
2020-04-01,Convention/conference,0
2020-04-01,Business,150
2020-04-01,Visiting friends/relatives,810
2020-04-01,Holiday,150
2020-04-01,Employment,160
2020-04-01,Education,30
2020-04-01,Others,950
2020-05-01,Convention/conference,10
2020-05-01,Business,300
2020-05-01,Visiting friends/relatives,1260
2020-05-01,Holiday,120
2020-05-01,Employment,280
2020-05-01,Education,60
2020-05-01,Others,1410
2020-06-01,Convention/conference,20
2020-06-01,Business,530
2020-06-01,Visiting friends/relatives,1980
2020-06-01,Holiday,130
2020-06-01,Employment,570
2020-06-01,Education,90
2020-06-01,Others,2080
2020-07-01,Convention/conference,10
2020-07-01,Business,420
2020-07-01,Visiting friends/relatives,1430
2020-07-01,Holiday,120
2020-07-01,Employment,450
2020-07-01,Education,100
2020-07-01,Others,1000
2020-08-01,Convention/conference,10
2020-08-01,Business,410
2020-08-01,Visiting friends/relatives,1110
2020-08-01,Holiday,50
2020-08-01,Employment,480
2020-08-01,Education,70
2020-08-01,Others,910
2020-09-01,Convention/conference,10
2020-09-01,Business,530
2020-09-01,Visiting friends/relatives,1360
2020-09-01,Holiday,70
2020-09-01,Employment,790
2020-09-01,Education,100
2020-09-01,Others,860
2020-10-01,Convention/conference,30
2020-10-01,Business,910
2020-10-01,Visiting friends/relatives,2420
2020-10-01,Holiday,140
2020-10-01,Employment,1160
2020-10-01,Education,140
2020-10-01,Others,1280
2020-11-01,Convention/conference,20
2020-11-01,Business,840
2020-11-01,Visiting friends/relatives,3950
2020-11-01,Holiday,290
2020-11-01,Employment,1120
2020-11-01,Education,90
2020-11-01,Others,1240
2020-12-01,Convention/conference,40
2020-12-01,Business,580
2020-12-01,Visiting friends/relatives,5350
2020-12-01,Holiday,420
2020-12-01,Employment,1110
2020-12-01,Education,200
2020-12-01,Others,1120
2021-01-01,Convention/conference,40
2021-01-01,Business,1330
2021-01-01,Visiting friends/relatives,2810
2021-01-01,Holiday,230
2021-01-01,Employment,1450
2021-01-01,Education,450
2021-01-01,Others,1680
2021-02-01,Convention/conference,20
2021-02-01,Business,910
2021-02-01,Visiting friends/relatives,2450
2021-02-01,Holiday,180
2021-02-01,Employment,1140
2021-02-01,Education,440
2021-02-01,Others,1110
2021-03-01,Convention/conference,50
2021-03-01,Business,1100
2021-03-01,Visiting friends/relatives,3610
2021-03-01,Holiday,270
2021-03-01,Employment,1800
2021-03-01,Education,220
2021-03-01,Others,1260
2021-04-01,Convention/conference,110
2021-04-01,Business,2230
2021-04-01,Visiting friends/relatives,14520
2021-04-01,Holiday,1970
2021-04-01,Employment,2040
2021-04-01,Education,210
2021-04-01,Others,1530
2021-05-01,Convention/conference,560
2021-05-01,Business,5070
2021-05-01,Visiting friends/relatives,21520
2021-05-01,Holiday,4070
2021-05-01,Employment,2650
2021-05-01,Education,340
2021-05-01,Others,1980
2021-06-01,Convention/conference,400
2021-06-01,Business,3900
2021-06-01,Visiting friends/relatives,21110
2021-06-01,Holiday,5660
2021-06-01,Employment,2630
2021-06-01,Education,320
2021-06-01,Others,2760
2021-07-01,Convention/conference,70
2021-07-01,Business,1450
2021-07-01,Visiting friends/relatives,11000
2021-07-01,Holiday,2670
2021-07-01,Employment,1520
2021-07-01,Education,490
2021-07-01,Others,1530
2021-08-01,Convention/conference,20
2021-08-01,Business,710
2021-08-01,Visiting friends/relatives,1700
2021-08-01,Holiday,120
2021-08-01,Employment,1800
2021-08-01,Education,140
2021-08-01,Others,1890
2021-09-01,Convention/conference,10
2021-09-01,Business,500
2021-09-01,Visiting friends/relatives,970
2021-09-01,Holiday,40
2021-09-01,Employment,1440
2021-09-01,Education,60
2021-09-01,Others,1410
2021-10-01,Convention/conference,0
2021-10-01,Business,550
2021-10-01,Visiting friends/relatives,900
2021-10-01,Holiday,50
2021-10-01,Employment,1870
2021-10-01,Education,80
2021-10-01,Others,960
2021-11-01,Convention/conference,190
2021-11-01,Business,1350
2021-11-01,Visiting friends/relatives,14020
2021-11-01,Holiday,1250
2021-11-01,Employment,1780
2021-11-01,Education,240
2021-11-01,Others,2030
2021-12-01,Convention/conference,450
2021-12-01,Business,1830
2021-12-01,Visiting friends/relatives,53400
2021-12-01,Holiday,4860
2021-12-01,Employment,2630
2021-12-01,Education,5410
2021-12-01,Others,4710
2022-01-01,Convention/conference,470
2022-01-01,Business,2550
2022-01-01,Visiting friends/relatives,35940
2022-01-01,Holiday,4070
2022-01-01,Employment,4860
2022-01-01,Education,8810
2022-01-01,Others,4070
2022-02-01,Convention/conference,920
2022-02-01,Business,4840
2022-02-01,Visiting friends/relatives,49830
2022-02-01,Holiday,6340
2022-02-01,Employment,5450
2022-02-01,Education,18390
2022-02-01,Others,4690
2022-03-01,Convention/conference,2640
2022-03-01,Business,14310
2022-03-01,Visiting friends/relatives,104650
2022-03-01,Holiday,22510
2022-03-01,Employment,8490
2022-03-01,Education,11190
2022-03-01,Others,6450
2022-04-01,Convention/conference,3280
2022-04-01,Business,16120
2022-04-01,Visiting friends/relatives,146440
2022-04-01,Holiday,42600
2022-04-01,Employment,9430
2022-04-01,Education,9510
2022-04-01,Others,8070
2022-05-01,Convention/conference,9200
2022-05-01,Business,26470
2022-05-01,Visiting friends/relatives,114360
2022-05-01,Holiday,50640
2022-05-01,Employment,10750
2022-05-01,Education,11700
2022-05-01,Others,8370
2022-06-01,Convention/conference,7740
2022-06-01,Business,22710
2022-06-01,Visiting friends/relatives,133610
2022-06-01,Holiday,76490
2022-06-01,Employment,11510
2022-06-01,Education,13900
2022-06-01,Others,9340
2022-07-01,Convention/conference,8860
2022-07-01,Business,24060
2022-07-01,Visiting friends/relatives,140080
2022-07-01,Holiday,93620
2022-07-01,Employment,11400
2022-07-01,Education,36760
2022-07-01,Others,10890
2022-08-01,Convention/conference,17080
2022-08-01,Business,29190
2022-08-01,Visiting friends/relatives,148450
2022-08-01,Holiday,104140
2022-08-01,Employment,15190
2022-08-01,Education,20940
2022-08-01,Others,13440
2022-09-01,Convention/conference,17030
2022-09-01,Business,29650
2022-09-01,Visiting friends/relatives,160560
2022-09-01,Holiday,111980
2022-09-01,Employment,17500
2022-09-01,Education,18860
2022-09-01,Others,16270
2022-10-01,Convention/conference,18660
2022-10-01,Business,35400
2022-10-01,Visiting friends/relatives,167770
2022-10-01,Holiday,157810
2022-10-01,Employment,17860
2022-10-01,Education,16290
2022-10-01,Others,16690
2022-11-01,Convention/conference,22050
2022-11-01,Business,42410
2022-11-01,Visiting friends/relatives,210980
2022-11-01,Holiday,173340
2022-11-01,Employment,20780
2022-11-01,Education,16730
2022-11-01,Others,18940
2022-12-01,Convention/conference,11900
2022-12-01,Business,19700
2022-12-01,Visiting friends/relatives,355010
2022-12-01,Holiday,212810
2022-12-01,Employment,16740
2022-12-01,Education,16800
2022-12-01,Others,16010
2023-01-01,Convention/conference,11570
2023-01-01,Business,21480
2023-01-01,Visiting friends/relatives,143080
2023-01-01,Holiday,160540
2023-01-01,Employment,27350
2023-01-01,Education,30920
2023-01-01,Others,17480
2023-02-01,Convention/conference,16740
2023-02-01,Business,40750
2023-02-01,Visiting friends/relatives,201350
2023-02-01,Holiday,218480
2023-02-01,Employment,25640
2023-02-01,Education,74340
2023-02-01,Others,23400
2023-03-01,Convention/conference,19930
2023-03-01,Business,46850
2023-03-01,Visiting friends/relatives,242070
2023-03-01,Holiday,229680
2023-03-01,Employment,24440
2023-03-01,Education,28520
2023-03-01,Others,21840
2023-04-01,Convention/conference,12690
2023-04-01,Business,30890
2023-04-01,Visiting friends/relatives,222680
2023-04-01,Holiday,213040
2023-04-01,Employment,20950
2023-04-01,Education,25220
2023-04-01,Others,19460
2023-05-01,Convention/conference,28260
2023-05-01,Business,41850
2023-05-01,Visiting friends/relatives,182590
2023-05-01,Holiday,195700
2023-05-01,Employment,21500
2023-05-01,Education,24460
2023-05-01,Others,17970
2023-06-01,Convention/conference,19930
2023-06-01,Business,35900
2023-06-01,Visiting friends/relatives,200990
2023-06-01,Holiday,217640
2023-06-01,Employment,22860
2023-06-01,Education,24920
2023-06-01,Others,19840
2023-07-01,Convention/conference,22850
2023-07-01,Business,40370
2023-07-01,Visiting friends/relatives,184060
2023-07-01,Holiday,253770
2023-07-01,Employment,20070
2023-07-01,Education,75610
2023-07-01,Others,28390
2023-08-01,Convention/conference,22290
2023-08-01,Business,36100
2023-08-01,Visiting friends/relatives,198430
2023-08-01,Holiday,267700
2023-08-01,Employment,23180
2023-08-01,Education,33650
2023-08-01,Others,22010
2023-09-01,Convention/conference,23570
2023-09-01,Business,35510
2023-09-01,Visiting friends/relatives,205360
2023-09-01,Holiday,239530
2023-09-01,Employment,26620
2023-09-01,Education,28290
2023-09-01,Others,25740
2023-10-01,Convention/conference,28730
2023-10-01,Business,44810
2023-10-01,Visiting friends/relatives,203690
2023-10-01,Holiday,252630
2023-10-01,Employment,26170
2023-10-01,Education,24500
2023-10-01,Others,27410
2023-11-01,Convention/conference,23530
2023-11-01,Business,47450
2023-11-01,Visiting friends/relatives,236280
2023-11-01,Holiday,278460
2023-11-01,Employment,28030
2023-11-01,Education,21720
2023-11-01,Others,28290
2023-12-01,Convention/conference,12460
2023-12-01,Business,23460
2023-12-01,Visiting friends/relatives,407450
2023-12-01,Holiday,357880
2023-12-01,Employment,20820
2023-12-01,Education,23090
2023-12-01,Others,31710
2024-01-01,Convention/conference,7210
2024-01-01,Business,28050
2024-01-01,Visiting friends/relatives,186650
2024-01-01,Holiday,262700
2024-01-01,Employment,39980
2024-01-01,Education,50770
2024-01-01,Others,28410
2024-02-01,Convention/conference,17790
2024-02-01,Business,44180
2024-02-01,Visiting friends/relatives,242720
2024-02-01,Holiday,391080
2024-02-01,Employment,31150
2024-02-01,Education,101120
2024-02-01,Others,29910
2024-03-01,Convention/conference,19610
2024-03-01,Business,43920
2024-03-01,Visiting friends/relatives,274720
2024-03-01,Holiday,334530
2024-03-01,Employment,29530
2024-03-01,Education,30810
2024-03-01,Others,27920
2024-04-01,Convention/conference,15030
2024-04-01,Business,39240
2024-04-01,Visiting friends/relatives,199380
2024-04-01,Holiday,256830
2024-04-01,Employment,25760
2024-04-01,Education,31800
2024-04-01,Others,25050
2024-05-01,Convention/conference,23830
2024-05-01,Business,44380
2024-05-01,Visiting friends/relatives,197920
2024-05-01,Holiday,258760
2024-05-01,Employment,24820
2024-05-01,Education,26400
2024-05-01,Others,24680
2024-06-01,Convention/conference,27720
2024-06-01,Business,35350
2024-06-01,Visiting friends/relatives,203340
2024-06-01,Holiday,250020
2024-06-01,Employment,24140
2024-06-01,Education,25940
2024-06-01,Others,21250
2024-07-01,Convention/conference,18640
2024-07-01,Business,35560
2024-07-01,Visiting friends/relatives,191260
2024-07-01,Holiday,284280
2024-07-01,Employment,21710
2024-07-01,Education,84140
2024-07-01,Others,23380